id;titulo;calificacion;anyo_lanzamiento;duracion;genero;director;actores;guion;portada;tipo;productora;web;pataforma
1;Argo;R;12-oct-12;120 min;Biography, Drama, History;Ben Affleck;Ben Affleck, Bryan Cranston, Alan Arkin, John Goodman;Acting under the cover of a Hollywood producer scouting a location for a science fiction film, a CIA agent launches a dangerous operation to rescue six Americans in Tehran during the U.S. hostage crisis in Iran in 1980.;https://images-na.ssl-images-amazon.com/images/M/MV5BMTc3MjI0MjM0NF5BMl5BanBnXkFtZTcwMTYxMTQ1OA@@._V1_SX300.jpg;movie;Warner Bros. Pictures;http://argothemovie.warnerbros.com;HBO, Rakuten TV
2;Blended;PG-13;23-may-14;117 min;Comedy, Romance;Frank Coraci;Adam Sandler, Drew Barrymore, Kevin Nealon, Terry Crews;After a bad blind date, a man and woman find themselves stuck together at a resort for families, where their attraction grows as their respective kids benefit from the burgeoning relationship.;https://images-na.ssl-images-amazon.com/images/M/MV5BNzc2ODI5NjAyMl5BMl5BanBnXkFtZTgwMzIyOTE4MDE@._V1_SX300.jpg;movie;Warner Bros. Pictures;http://blendedmovie.com/;HBO, Netflix, RAKUTEN TV
3;Here Comes the Boom;PG;12-oct-12;105 min;Action, Comedy, Sport;Frank Coraci;Kevin James, Salma Hayek, Henry Winkler, Greg de_DEn;A high school biology teacher looks to become a successful mixed-martial arts fighter in an effort to raise money to prevent extra-curricular activities from being axed at his cash-strapped school.;https://images-na.ssl-images-amazon.com/images/M/MV5BMTUxMzEzNDQ0Nl5BMl5BanBnXkFtZTcwMDI2NTY1OA@@._V1_SX300.jpg;movie;Sony/Columbia Pictures;http://boom-movie.com/;Netflix
4;Big Trouble;PG-13;05 Apr 2002;85 min;Comedy, Crime, Thriller;Barry Sonnenfeld;Tim Allen, Rene Russo, Stanley Tucci, Tom Sizemore;The lives of several Miami denizens, from ad agents to gunrunners to street thugs to law enforcement to school-children, intersect with humorous and dangerous results.;https://images-na.ssl-images-amazon.com/images/M/MV5BMGExOThjYjMtYzA2MC00OTZhLWEzMDYtMTAwZmViMGU4OTE4XkEyXkFqcGdeQXVyNDk3NzU2MTQ@._V1_SX300.jpg;movie;Touchstone Pictures;http://bventertainment.go.com/movies/bigtrouble;Amazon Prime Video
5;The Princess Diaries 2: Royal Engagement;G;11 Aug 2004;113 min;Comedy, Family, Romance;Garry Marshall;Anne Hathaway, Julie Andrews, Hector Elizondo, John Rhys-Davies;Now settled in Genovia, Princess Mia faces a new revelation: she is being primed for an arranged marriage to an en_US suitor.;https://images-na.ssl-images-amazon.com/images/M/MV5BODljNTU2ZGMtMWI5Yy00MGNkLTg2MTktN2NhZjY0NDcwMDhiL2ltYWdlL2ltYWdlXkEyXkFqcGdeQXVyMTQxNzMzNDI@._V1_SX300.jpg;movie;Walt Disney Pictures;http://disney.go.com/disneypictures/diaries2/index.html;DISNEY +
6;The Muppets;PG;23-nov-11;103 min;Adventure, Comedy, Family;James Bobin;Jason Segel, Amy Adams, Chris Cooper, Rashida Jones;A Muppet fanatic with some help from his two human compatriots must regroup the Muppet gang to stop an avaricious oil mogul from taking down one of their precious life-longing treasures.;https://images-na.ssl-images-amazon.com/images/M/MV5BMjE0MTM4NTc3NF5BMl5BanBnXkFtZTcwMjYzOTIxNg@@._V1_SX300.jpg;movie;Walt Disney Pictures;http://disney.go.com/muppets/;DISNEY +
7;The Hitchhiker's Guide to the Galaxy;PG;29 Apr 2005;109 min;Adventure, Comedy, Sci-Fi;Garth Jennings;Bill Bailey, Anna Chancellor, Warwick Davis, Yasiin Bey;"Mere seconds before the Earth is to be demolished by an alien construction crew, journeyman Arthur Dent is swept off the planet by his friend Ford Prefect, a researcher penning a new edition of ""The Hitchhiker's Guide to the Galaxy.""";https://images-na.ssl-images-amazon.com/images/M/MV5BZmU5MGU4MjctNjA2OC00N2FhLWFhNWQtMzQyMGI2ZmQ0Y2YyL2ltYWdlXkEyXkFqcGdeQXVyNTAyODkwOQ@@._V1_SX300.jpg;movie;Buena Vista;http://hitchhikers.movies.go.com/;Netflix
8;Julie & Julia;PG-13;07 Aug 2009;118 min;Biography, Drama, Romance;Nora Ephron;Meryl Streep, Amy Adams, Stanley Tucci, Chris Messina;Julia Child's story of her start in the cooking profession is intertwined with blogger Julie Powell's 2002 challenge to cook all the recipes in Child's first book.;https://images-na.ssl-images-amazon.com/images/M/MV5BMzA4NjA2NjI2NV5BMl5BanBnXkFtZTcwOTEzNzI2Mg@@._V1_SX300.jpg;movie;Sony/Columbia Pictures;http://julieandjulia.com/;Amazon Prime Video
9;Miracle at St. Anna;R;26-sept-08;160 min;Action, Crime, Drama;Spike Lee;Derek Luke, Michael Ealy, Laz Alonso, Omar Benson Miller;Set in 1944 Italy, the story of four black American soldiers who get trapped in a Tuscan village during WWII.;https://images-na.ssl-images-amazon.com/images/M/MV5BMTIyNjIwOTI1MF5BMl5BanBnXkFtZTcwMTQ1NTU3MQ@@._V1_SX300.jpg;movie;Touchstone Pictures;http://MiracleMovie.com;Rakuten TV
10;The BFG;PG;1-jul-16;117 min;Adventure, Family, Fantasy;Steven Spielberg;Mark Rylance, Ruby Barnhill, Penelope Wilton, Jemaine Clement;An orphan little girl befriends a benevolent giant who takes her to Giant Country, where they attempt to stop the man-eating giants that are invading the human world.;https://images-na.ssl-images-amazon.com/images/M/MV5BMjI5MjI4NTEzOF5BMl5BanBnXkFtZTgwNjM2Nzg3NzE@._V1_SX300.jpg;movie;Walt Disney Pictures;http://movies.disney.com/the-bfg;Netflix
11;The Sixth Sense;PG-13;06 Aug 1999;107 min;Drama, Mystery, Thriller;M. Night Shyamalan;Bruce Willis, Haley Joel Osment, Toni Collette, Olivia Williams;A boy who communicates with spirits that don't know they're dead seeks the help of a disheartened child psychologist.;https://images-na.ssl-images-amazon.com/images/M/MV5BMWM4NTFhYjctNzUyNi00NGMwLTk3NTYtMDIyNTZmMzRlYmQyXkEyXkFqcGdeQXVyMTAwMzUyOTc@._V1_SX300.jpg;movie;Hollywood/Buena Vista;http://movies.go.com/moviesdynamic/movies/movie?id=505420;HBO, NETFLIX, RAKUTEN TV
12;The Sixth Sense;PG-13;06 Aug 1999;107 min;Drama, Mystery, Thriller;M. Night Shyamalan;Bruce Willis, Haley Joel Osment, Toni Collette, Olivia Williams;A boy who communicates with spirits that don't know they're dead seeks the help of a disheartened child psychologist.;https://images-na.ssl-images-amazon.com/images/M/MV5BMWM4NTFhYjctNzUyNi00NGMwLTk3NTYtMDIyNTZmMzRlYmQyXkEyXkFqcGdeQXVyMTAwMzUyOTc@._V1_SX300.jpg;movie;Hollywood/Buena Vista;http://movies.go.com/moviesdynamic/movies/movie?id=505420;Rakuten TV
13;One for the Money;PG-13;27 Jan 2012;91 min;Action, Comedy, Crime;Julie Anne Robinson;Katherine Heigl, Jason O'Mara, Daniel Sunjata, John Leguizamo;Unemployed and newly-divorced Stephanie Plum lands a job at her cousin's bail-bond business, where her first assignment puts her on the trail of a wanted local cop from her romantic past.;https://images-na.ssl-images-amazon.com/images/M/MV5BMTU2NzMxMDU1NF5BMl5BanBnXkFtZTcwNzYxNTA2Ng@@._V1_SX300.jpg;movie;Lionsgate Films;http://oneforthemoneyfilm.com/;DISNEY +
14;The Other Woman;PG-13;25 Apr 2014;109 min;Comedy, Romance;Nick Cassavetes;Cameron Diaz, Leslie Mann, Nikolaj Coster-Waldau, Don Johnson;After discovering her boyfriend is married, Carly soon meets the wife he's been betraying. And when yet another love affair is discovered, all three women team up to plot revenge on the three-timing S.O.B.;https://images-na.ssl-images-amazon.com/images/M/MV5BMTc0ODE4ODY1OF5BMl5BanBnXkFtZTgwMDA5NjkzMTE@._V1_SX300.jpg;movie;20th Century Fox;http://otherwomanmovie.com;Amazon Prime Video
15;Red Riding Hood;PG-13;11-mar-11;100 min;Fantasy, Horror, Mystery;Catherine Hardwicke;Amanda Seyfried, Gary Oldman, Billy Burke, Shiloh Fernandez;Set in a medieval village that is haunted by a werewolf, a young girl falls for an orphaned woodcutter, much to her family's displeasure.;https://images-na.ssl-images-amazon.com/images/M/MV5BMTc4NjYyMzQ5MV5BMl5BanBnXkFtZTcwNjE5Mjc3NA@@._V1_SX300.jpg;movie;Warner Bros.;http://redridinghood.warnerbros.com/;Rakuten TV
16;Stealth;PG-13;29-jul-05;121 min;Action, Adventure, Sci-Fi;Rob Cohen;Josh Lucas, Jessica Biel, Jamie Foxx, Sam Shepard;Deeply ensconced in a top-secret military program, three pilots struggle to bring an artificial intelligence program under control before it initiates the next world war.;https://images-na.ssl-images-amazon.com/images/M/MV5BNzMzNTY0NTYwOV5BMl5BanBnXkFtZTcwMTExNjgyMQ@@._V1_SX300.jpg;movie;Columbia Pictures;http://sonypictures.com/movies/stealth;Netflix
17;Spider-Man;PG-13;3-may-02;121 min;Action, Adventure;Sam Raimi;Tobey Maguire, Willem Dafoe, Kirsten Dunst, James Franco;When bitten by a genetically modified spider, a nerdy, shy, and awkward high school student gains spider-like abilities that he eventually must use to fight evil as a superhero after tragedy befalls his family.;https://images-na.ssl-images-amazon.com/images/M/MV5BZDEyN2NhMjgtMjdhNi00MmNlLWE5YTgtZGE4MzNjMTRlMGEwXkEyXkFqcGdeQXVyNDUyOTg3Njg@._V1_SX300.jpg;movie;Columbia Pictures;http://spiderman.sonypictures.com/;Amazon Prime Video
18;Coyote Ugly;PG-13;04 Aug 2000;100 min;Comedy, Drama, Musical;David McNally;Piper Perabo, Adam Garcia, John Goodman, Maria Bello;Aspiring songwriter Violet Sanford, after getting a job at a women-run NYC bar that teases its male patrons, comes out of her shell.;https://images-na.ssl-images-amazon.com/images/M/MV5BMTk1NzM1ODg4OF5BMl5BanBnXkFtZTcwMTQ3OTgyMQ@@._V1_SX300.jpg;movie;Buena Vista;http://studio.go.com/movies/coyoteugly/index.html;Netflix
19;The Ant Bully;PG;28-jul-06;88 min;Animation, Adventure, Comedy;John A. Davis;Julia Roberts, Nicolas Cage, Meryl Streep, Paul Giamatti;After Lucas Nickle floods an ant colony with his watergun, he's magically shrunken down to insect size and sentenced to hard labor in the ruins.;https://images-na.ssl-images-amazon.com/images/M/MV5BMjE2OTYwMzQzNl5BMl5BanBnXkFtZTcwNDM1MjMzMQ@@._V1_SX300.jpg;movie;Warner Bros. Pictures;http://theantbully.warnerbros.com/;Netflix
20;The Bucket List;PG-13;11 Jan 2008;97 min;Adventure, Comedy, Drama;Rob Reiner;Jack Nicholson, Morgan Freeman, Sean Hayes, Beverly Todd;Two terminally ill men escape from a cancer ward and head off on a road trip with a wish list of to-dos before they die.;https://images-na.ssl-images-amazon.com/images/M/MV5BMTY2NTUyMjIyNF5BMl5BanBnXkFtZTYwNzYwMDM4._V1_SX300.jpg;movie;Warner Bros. Pictures;http://thebucketlist.warnerbros.com/;Amazon Prime Video
21;The Ghost Writer;PG-13;19-mar-10;128 min;Mystery, Thriller;Roman Polanski;Ewan McGregor, Jon Bernthal, Tim Preece, Jim Belushi;A ghostwriter hired to complete the memoirs of a former British prime minister uncovers secrets that put his own life in jeopardy.;https://images-na.ssl-images-amazon.com/images/M/MV5BMTI3NzMwMzkyNV5BMl5BanBnXkFtZTcwODk4NjQxMw@@._V1_SX300.jpg;movie;Summit Entertainment;http://theghostwriter-movie.com/;Rakuten TV
22;The Interview;R;24 Dec 2014;112 min;Comedy;Evan Goldberg, Seth Rogen;James Franco, Seth Rogen, Lizzy Caplan, Randall Park;"Dave Skylark and his producer Aaron Rapoport run the celebrity tabloid show ""Skylark Tonight"". When they land an interview with a surprise fan, North ko_KR dictator Kim Jong-un, they are recruited by the CIA to turn their trip to Pyongyang into an assassination mission.";https://images-na.ssl-images-amazon.com/images/M/MV5BMTQzMTcwMzgyMV5BMl5BanBnXkFtZTgwMzAyMzQ2MzE@._V1_SX300.jpg;movie;Sony Pictures;http://theinterviewmovie.tumblr.com/;DISNEY +
23;The Bounty Hunter;PG-13;19-mar-10;110 min;Action, Comedy, Romance;Andy Tennant;Gerard Butler, Jennifer Aniston, Gio Perez, Joel Marsh Garland;A bounty hunter learns that his next target is his ex-wife, a reporter working on a murder cover-up. Soon after their reunion, the always-at-odds duo find themselves on a run-for-their-lives adventure.;https://images-na.ssl-images-amazon.com/images/M/MV5BMTUwNjY4MjY0MV5BMl5BanBnXkFtZTcwNTA2OTYwMw@@._V1_SX300.jpg;movie;Sony Pictures;http://thepursuitbegins.com/;Netflix
24;Training Day;R;5-oct-01;122 min;Crime, Drama, Thriller;Antoine Fuqua;Denzel Washington, Ethan Hawke, Scott Glenn, Tom Berenger;On his first day on the job as a Los Angeles narcotics officer, a rookie cop goes beyond a full work day in training within the narcotics division of the LAPD with a rogue detective who isn't what he appears to be.;https://images-na.ssl-images-amazon.com/images/M/MV5BMDZkMTUxYWEtMDY5NS00ZTA5LTg3MTItNTlkZWE1YWRjYjMwL2ltYWdlL2ltYWdlXkEyXkFqcGdeQXVyMTQxNzMzNDI@._V1_SX300.jpg;movie;Warner Bros. Pictures;http://trainingday.warnerbros.com;Rakuten TV
25;Unleashed;R;13-may-05;103 min;Action, Crime, Drama;Louis Leterrier;Jet Li, Morgan Freeman, Bob Hoskins, Kerry Condon;A man enslaved by the mob since childhood and raised into behaving like a human attack dog escapes his captors and attempts to start a new life.;https://images-na.ssl-images-amazon.com/images/M/MV5BMTgwNjIyNTczMF5BMl5BanBnXkFtZTcwODI5MDkyMQ@@._V1_SX300.jpg;movie;Focus Features;http://unleashedmovie.com/;Amazon Prime Video
26;Wild Wild West;PG-13;30-jun-99;106 min;Action, Comedy, Sci-Fi;Barry Sonnenfeld;Will Smith, Kevin Kline, Kenneth Branagh, Salma Hayek;The two best hired guns in the West must save President Grant from the clutches of a nineteenth-century inventor-villain.;https://images-na.ssl-images-amazon.com/images/M/MV5BYmYyMTc4YjItMGNhNC00OWQwLWJhMWUtNTdjZDgxMDI5MjE2L2ltYWdlXkEyXkFqcGdeQXVyMTQxNzMzNDI@._V1_SX300.jpg;movie;Warner Bros. Pictures;http://wildwildwest.warnerbros.com;Amazon Prime Video
27;15 Minutes;R;9-mar-01;120 min;Action, Crime, Drama;John Herzfeld;Robert De Niro, Edward Burns, Kelsey Grammer, Avery Brooks;A homicide detective and a fire marshal must stop a pair of murderers who commit videotaped crimes to become media darlings.;https://images-na.ssl-images-amazon.com/images/M/MV5BMTI3MzQ1MzIwNl5BMl5BanBnXkFtZTYwMTAxODc5._V1_SX300.jpg;movie;New Line Cinema;http://www.15minutesmovie.com;Rakuten TV
28;21 Jump Street;R;16-mar-12;110 min;Action, Comedy, Crime;Phil Lord, Christopher Miller;Jonah Hill, Channing Tatum, Brie Larson, Dave Franco;A pair of underachieving cops are sent back to a local high school to blend in and bring down a synthetic drug ring.;https://images-na.ssl-images-amazon.com/images/M/MV5BMTc3NzQ3OTg3NF5BMl5BanBnXkFtZTcwMjk5OTcxNw@@._V1_SX300.jpg;movie;Sony Pictures;http://www.21jumpstreet-movie.com/site/;DISNEY +
29;8 Mile;R;8-nov-02;110 min;Drama, Musical;Curtis Hanson;Eminem, Kim Basinger, Mekhi Phifer, Brittany Murphy;A young rapper, struggling with every aspect of his life, wants to make it big but his friends and foes make this odyssey of rap harder than it may seem.;https://images-na.ssl-images-amazon.com/images/M/MV5BOWI3MDIzZmYtN2Y3MC00YTljLWFiYmYtNWIzMjg1ZWQ1ODlhXkEyXkFqcGdeQXVyNjU0OTQ0OTY@._V1_SX300.jpg;movie;Universal Pictures;http://www.8-mile.com/;Amazon Prime Video
30;Eight Below;PG;17-feb-06;120 min;Adventure, Drama, Family;Frank Marshall;Paul Walker, Bruce Greenwood, Moon Bloodgood, Wendy Crewson;Brutal cold forces two Antarctic explorers to leave their team of sled dogs behind as they fend for their survival.;https://images-na.ssl-images-amazon.com/images/M/MV5BMjExMjAwNzE0N15BMl5BanBnXkFtZTYwMDY4NDk2._V1_SX300.jpg;movie;Buena Vista Pictures;http://www.8belowmovie.com;Rakuten TV
31;A Knight's Tale;PG-13;11-may-01;132 min;Action, Adventure, Romance;Brian Helgeland;Heath Ledger, Rufus Sewell, Shannyn Sossamon, Paul Bettany;After his master dies, a peasant squire, fueled by his desire for food and glory, creates a new identity for himself as a knight.;https://images-na.ssl-images-amazon.com/images/M/MV5BMTE5OTE4OTE2Nl5BMl5BanBnXkFtZTYwMDkzMTQ3._V1_SX300.jpg;movie;Columbia Pictures;http://www.aknightstale.com;Amazon Prime Video
32;Aliens in the Attic;PG;31-jul-09;86 min;Animation, Adventure, Comedy;John Schultz;Carter Jenkins, Austin Butler, Ashley Tisdale, Ashley Boettcher;A group of kids must protect their vacation home from invading aliens.;https://images-na.ssl-images-amazon.com/images/M/MV5BMTk3NTMzNTIxNV5BMl5BanBnXkFtZTcwOTI4ODU1Mg@@._V1_SX300.jpg;movie;20th Century Fox;http://www.aliensintheatticmovie.com/;HBO, NETFLIX, RAKUTEN TV
33;Along Came Polly;PG-13;16 Jan 2004;90 min;Comedy, Romance;John Hamburg;Ben Stiller, Jennifer Aniston, Philip Seymour Hoffman, Debra Messing;A buttoned up newlywed finds his too organized life falling into chaos when he falls in love with an old classmate.;https://images-na.ssl-images-amazon.com/images/M/MV5BMTcxMDMwODg3Nl5BMl5BanBnXkFtZTYwMTM4NTY3._V1_SX300.jpg;movie;Universal Pictures;http://www.alongcamepolly.com/;Amazon Prime Video
34;Galaxy Quest;PG;25 Dec 1999;102 min;Adventure, Comedy, Sci-Fi;Dean Parisot;Tim Allen, Sigourney Weaver, Alan Rickman, Tony Shalhoub;The alumni cast of a space opera television series have to play their roles as the real thing when an alien race needs their help.;https://images-na.ssl-images-amazon.com/images/M/MV5BMjA0NjM1ODkyMl5BMl5BanBnXkFtZTcwODY0NDMzMg@@._V1_SX300.jpg;movie;DreamWorks SKG;http://www.amazon.com/exec/obidos/subst/video/misc/dreamworks/galaxy-quest/gq-home.html/103-6831095-1845408;Amazon Prime Video
35;American Hustle;R;20 Dec 2013;138 min;Crime, Drama;David O. Russell;Christian Bale, Bradley Cooper, Amy Adams, Jeremy Renner;A con man, Irving Rosenfeld, along with his seductive partner Sydney Prosser, is forced to work for a wild FBI agent, Richie DiMaso, who pushes them into a world of Jersey powerbrokers and mafia.;https://images-na.ssl-images-amazon.com/images/M/MV5BNjkxMTc0MDc4N15BMl5BanBnXkFtZTgwODUyNTI1MDE@._V1_SX300.jpg;movie;Sony Pictures;http://www.americanhustle-movie.com/;HBO, NETFLIX, RAKUTEN TV
36;Babylon A.D.;PG-13;29 Aug 2008;90 min;Action, Adventure, Sci-Fi;Mathieu Kassovitz;Vin Diesel, Michelle Yeoh, Mélanie Thierry, Lambert Wilson;Veteran-turned-mercenary Toorop takes the high-risk job of escorting a woman from Russia to America. Little does he know that she is host to an organism that a cult wants to harvest in order to produce a genetically modified Messiah.;https://images-na.ssl-images-amazon.com/images/M/MV5BMTk5MzQxMzk0Nl5BMl5BanBnXkFtZTcwOTM3NDA3MQ@@._V1_SX300.jpg;movie;20th Century Fox;http://www.babylonadmovie.com/;Amazon Prime Video
37;Bangkok Dangerous;R;5-sept-08;99 min;Action, Crime, Thriller;Danny Pang, Oxide Chun Pang;Nicolas Cage, Shahkrit Yamnarm, Charlie Yeung, Panward Hemmanee;A hitman who's in Bangkok to pull off a series of jobs violates his personal code when he falls for a local woman and bonds with his errand boy.;https://images-na.ssl-images-amazon.com/images/M/MV5BMTk2NjU4MDYwNV5BMl5BanBnXkFtZTcwMDQ5ODg3MQ@@._V1_SX300.jpg;movie;Lionsgate;http://www.bangkokdangerousmovie.net/;Rakuten TV
38;The Twilight Saga: Breaking Dawn - Part 2;PG-13;16-nov-12;115 min;Adventure, Drama, Fantasy;Bill Condon;Kristen Stewart, Robert Pattinson, Taylor Lautner, Peter Facinelli;After the birth of Renesmee, the Cullens gather other vampire clans in order to protect the child from a false allegation that puts the family in front of the Volturi.;https://images-na.ssl-images-amazon.com/images/M/MV5BMTcyMzUyMzY1OF5BMl5BanBnXkFtZTcwNDQ4ODk1OA@@._V1_SX300.jpg;movie;Lionsgate/Summit Entertainment;http://www.breakingdawn-themovie.com/;HBO, NETFLIX, RAKUTEN TV
39;Cellular;PG-13;10-sept-04;94 min;Action, Crime, Thriller;David R. Ellis;Caroline Aaron, Kim Basinger, Brenda Ballard, Will Beinbrink;A young man receives an emergency phone call on his cell phone from an older woman. The catch? The woman claims to have been kidnapped, and the kidnappers have targeted her husband and child next.;https://images-na.ssl-images-amazon.com/images/M/MV5BMmRmODc1OGEtYzhjOC00Y2FiLWFhNWUtYTJiYjlhMGU0Njk4XkEyXkFqcGdeQXVyNDk3NzU2MTQ@._V1_SX300.jpg;movie;New Line Cinema;http://www.cellularthemovie.com;NETFLIX
40;Changing Lanes;R;12 Apr 2002;98 min;Drama, Thriller;Roger Michell;Ben Affleck, Samuel L. Jackson, Kim Staunton, Toni Collette;The story of what happens one day in New York when a young lawyer and a businessman share a small automobile accident on F.D.R. Drive and their mutual road rage escalates into a feud.;https://images-na.ssl-images-amazon.com/images/M/MV5BYjNiMGEwZTAtNDc4Yy00MjcwLWE4ODktNzdkNGEwY2Q0NWIzXkEyXkFqcGdeQXVyMTQxNzMzNDI@._V1_SX300.jpg;movie;Paramount Pictures;http://www.changinglanes.com;Amazon Prime Video
41;Charlie St. Cloud;PG-13;30-jul-10;99 min;Drama, Fantasy, Romance;Burr Steers;Zac Efron, Charlie Tahan, Amanda Crew, Augustus Prew;Charlie's brother, Sam, dies in a car crash that Charlie survives. Charlie is given the gift of seeing his dead brother, but when the girl he falls in love with's life is at risk, he must choose between his girlfriend and his brother.;https://images-na.ssl-images-amazon.com/images/M/MV5BMTI4MjkyNDM2NV5BMl5BanBnXkFtZTcwOTExNDc0Mw@@._V1_SX300.jpg;movie;Universal Pictures;http://www.charliestcloud.com;Rakuten TV
42;Cheaper by the Dozen;PG;25 Dec 2003;98 min;Comedy, Family;Shawn Levy;Steve Martin, Bonnie Hunt, Piper Perabo, Tom Welling;With his wife doing a book tour, a father of twelve must handle a new job and his unstable brood.;https://images-na.ssl-images-amazon.com/images/M/MV5BMTg0NzYxMjY0Ml5BMl5BanBnXkFtZTcwOTU0NDczMw@@._V1_SX300.jpg;movie;20th Century Fox;http://www.cheaperbythedozenmovie.com/;Popcornflix
43;Coach Carter;PG-13;14 Jan 2005;136 min;Biography, Drama, Sport;Thomas Carter;Samuel L. Jackson, Rob Brown, Robert Ri'chard, Rick Gonzalez;Controversy surrounds high school basketball coach Ken Carter after he benches his entire team for breaking their academic contract with him.;https://images-na.ssl-images-amazon.com/images/M/MV5BNWYxZWFiNTItN2FkNS00ZDJmLWE1MWItYjMyMTgyOTI4MmQ4XkEyXkFqcGdeQXVyMTQxNzMzNDI@._V1_SX300.jpg;movie;Paramount Pictures;http://www.coachcartermovie.com/index2.html;HBO, NETFLIX, RAKUTEN TV
44;Heaven's Gate;R;19-nov-80;325 min;Adventure, Drama, Western;Michael Cimino;Kris Kristofferson, Christopher Walken, John Hurt, Sam Waterston;A dramatization of the real-life Johnson County War in 1890 Wyoming, in which a sheriff born into wealth attempts to protect immigrant farmers from rich cattle interests.;https://images-na.ssl-images-amazon.com/images/M/MV5BMjAxNDE5MzQ5M15BMl5BanBnXkFtZTcwNTk3MTE3NA@@._V1_SX300.jpg;movie;MGM/UA;http://www.criterion.com/films/28036-heaven-s-gate;Amazon Prime Video
45;Scary Movie 2;R;4-jul-01;83 min;Comedy;Keenen Ivory Wayans;Antony Acker, Mark Barrett, Richard Bellos, Suzanne Bianqui;Four teens are tricked by their professor into visiting a haunted house for a school project.;https://images-na.ssl-images-amazon.com/images/M/MV5BMzQxYjU1OTUtYjRiOC00NDg2LWI4MWUtZGU5YzdkYTcwNTBlXkEyXkFqcGdeQXVyMTQxNzMzNDI@._V1_SX300.jpg;movie;Dimension Films;http://www.dimensionfilms.com/pls/front_con/dim_movie_page.entryPoint?midStr=1476;DISNEY +
46;Double Jeopardy;R;24-sept-99;105 min;Crime, Drama, Mystery;Bruce Beresford;Tommy Lee Jones, Ashley Judd, Benjamin Weir, Jay Brazeau;A woman framed for her husband's murder suspects he is still alive, as she has already been tried for the crime, she can't be re-prosecuted if she finds and kills him.;https://images-na.ssl-images-amazon.com/images/M/MV5BM2UzNzYzMjctYmI0MS00MzQ3LTliMTktOTA1MGU0YTM3NzRjXkEyXkFqcGdeQXVyMTQxNzMzNDI@._V1_SX300.jpg;movie;Paramount Pictures;http://www.doublejeopardymovie.com;HBO, NETFLIX, RAKUTEN TV
47;Dumb and Dumber To;PG-13;14-nov-14;109 min;Comedy;Bobby Farrelly, Peter Farrelly;Jim Carrey, Jeff Daniels, Rob Riggle, Laurie Holden;Twenty years since their first adventure, Lloyd and Harry go on a road trip to find Harry's newly discovered daughter, who was given up for adoption.;https://images-na.ssl-images-amazon.com/images/M/MV5BMTYxMzA0MzAyMF5BMl5BanBnXkFtZTgwMjMyNjcwMjE@._V1_SX300.jpg;movie;Universal Pictures;http://www.dumblr.com/;Rakuten TV
48;Exodus: Gods and Kings;PG-13;12 Dec 2014;150 min;Action, Adventure, Drama;Ridley Scott;Christian Bale, Joel Edgerton, John Turturro, Aaron Paul;The defiant leader Moses rises up against the Egyptian Pharaoh Ramses, setting 600,000 slaves on a monumental journey of escape from Egypt and its terrifying cycle of deadly plagues.;https://images-na.ssl-images-amazon.com/images/M/MV5BMjI3MDY0NjkxNl5BMl5BanBnXkFtZTgwNTM3NTA0MzE@._V1_SX300.jpg;movie;20th Century Fox;http://www.exodusgodsandkings.com/;Popcornflix
49;Fat Albert;PG;25 Dec 2004;93 min;Comedy, Family, Fantasy;Joel Zwick;Kenan Thompson, Kyla Pratt, Dania Ramirez, Shedrack Anderson III;Fat Albert and the Cosby Kids come to life and step out of their animated, inner-city Philadelphia world.;https://images-na.ssl-images-amazon.com/images/M/MV5BMTg2MzYxMDI2M15BMl5BanBnXkFtZTYwNTAzNTM3._V1_SX300.jpg;movie;20th Century Fox;http://www.fatalbertthemovie.com/;Netflix
50;Fifty Shades of Grey;R;13-feb-15;125 min;Drama, Romance, Thriller;Sam Taylor-Johnson;Dakota Johnson, Jamie Dornan, Jennifer Ehle, Eloise Mumford;Literature student Anastasia Steele's life changes forever when she meets handsome, yet tormented, billionaire Christian Grey.;https://images-na.ssl-images-amazon.com/images/M/MV5BMjE1MTM4NDAzOF5BMl5BanBnXkFtZTgwNTMwNjI0MzE@._V1_SX300.jpg;movie;Focus Features;http://www.fiftyshadesmovie.com/;HBO
51;Final Fantasy: The Spirits Within;PG-13;11-jul-01;106 min;Animation, Action, Adventure;Hironobu Sakaguchi, Motonori Sakakibara;Ming-Na Wen, Alec Baldwin, Ving Rhames, Steve Buscemi;A scientist makes a last stand on Earth with the help of a ragtag team of soldiers against an invasion of alien phantoms.;https://images-na.ssl-images-amazon.com/images/M/MV5BZWRjZTBlMWQtOGU2OS00NTNiLWEyNDUtNDA1NjI3ODE3OTJhXkEyXkFqcGdeQXVyNDk3NzU2MTQ@._V1_SX300.jpg;movie;Columbia Pictures;http://www.finalfantasy.com;Rakuten TV
52;Foodfight!;PG;12-feb-13;91 min;Animation, Action, Comedy;Lawrence Kasanoff;Charlie Sheen, Hilary Duff, Eva Longoria, Wayne Brady;The evil Brand X joins a supermarket that becomes a city after closing time.;https://images-na.ssl-images-amazon.com/images/M/MV5BMTYwMDY1MDI0NV5BMl5BanBnXkFtZTgwODAyODk3NzE@._V1_SX300.jpg;movie;Lionsgate Films;http://www.foodfight.com/;DISNEY +
53;The Revenant;R;08 Jan 2016;156 min;Adventure, Drama, Thriller;Alejandro González Iñárritu;Leonardo DiCaprio, Tom Hardy, Domhnall Gleeson, Will Poulter;A frontiersman on a fur trading expedition in the 1820s fights for survival after being mauled by a bear and left for dead by members of his own hunting team.;https://images-na.ssl-images-amazon.com/images/M/MV5BY2FmODc2N2QtYmY3MS00YTMwLWI2NGYtZWRmYWVkNjFjZmI0XkEyXkFqcGdeQXVyNTMxMjgxMzA@._V1_SX300.jpg;movie;20th Century Fox;http://www.foxmovies.com/movies/the-revenant;Popcornflix
54;From Hell;R;19-oct-01;122 min;Horror, Mystery, Thriller;Albert Hughes, Allen Hughes;Johnny Depp, Heather Graham, Ian Holm, Robbie Coltrane;In Victorian Era London, a troubled clairvoyant police detective investigates the murders by Jack The Ripper.;https://images-na.ssl-images-amazon.com/images/M/MV5BMTM1MjkxNTQxMV5BMl5BanBnXkFtZTYwMDMxNDg2._V1_SX300.jpg;movie;20th Century Fox;http://www.fromhellmovie.com;HBO, NETFLIX, RAKUTEN TV
55;Get Hard;R;27-mar-15;100 min;Comedy, Crime;Etan Cohen;Will Ferrell, Kevin Hart, Craig T. Nelson, Alison Brie;When millionaire James King is jailed for fraud and bound for San Quentin, he turns to Darnell Lewis to prep him to go behind bars.;https://images-na.ssl-images-amazon.com/images/M/MV5BMTc3OTc1NjM0M15BMl5BanBnXkFtZTgwNjAyMzE1MzE@._V1_SX300.jpg;movie;Warner Bros. Pictures;http://www.GetHardMovie.com;DISNEY +
56;The Medallion;PG-13;22 Aug 2003;88 min;Action, Comedy, Fantasy;Gordon Chan;Jackie Chan, Lee Evans, Claire Forlani, Julian Sands;A Hong Kong detective suffers a fatal accident involving a mysterious medallion and is transformed into an immortal warrior with superhuman powers.;https://images-na.ssl-images-amazon.com/images/M/MV5BZTAxNmQ4ODAtM2IyMy00Yjg5LTgwNDMtODM4MGQ5MGQzNmU0L2ltYWdlL2ltYWdlXkEyXkFqcGdeQXVyMTQxNzMzNDI@._V1_SX300.jpg;movie;Columbia Pictures;http://www.GetTheMedallion.com;HBO
57;G.I. Joe: The Rise of Cobra;PG-13;07 Aug 2009;118 min;Action, Adventure, Sci-Fi;Stephen Sommers;Adewale Akinnuoye-Agbaje, Christopher Eccleston, Grégory Fitoussi, Joseph Gordon-Levitt;An elite military unit comprised of special operatives known as G.I. Joe, operating out of The Pit, takes on an evil organization led by a notorious arms dealer.;https://images-na.ssl-images-amazon.com/images/M/MV5BMTQzMTU1NzQwNl5BMl5BanBnXkFtZTcwNDg4NzMzMw@@._V1_SX300.jpg;movie;Paramount Pictures;http://www.gijoemovie.com/;Amazon Prime Video
58;Gods of Egypt;PG-13;26-feb-16;126 min;Action, Adventure, Fantasy;Alex Proyas;Brenton Thwaites, John Samaha, Courtney Eaton, Nikolaj Coster-Waldau;Mortal hero Bek teams with the god Horus in an alliance against Set, the merciless god of darkness, who has usurped Egypt's throne, plunging the once peaceful and prosperous empire into chaos and conflict.;https://images-na.ssl-images-amazon.com/images/M/MV5BNjExODg3MDUzNl5BMl5BanBnXkFtZTgwNjExMjE3NzE@._V1_SX300.jpg;movie;Lionsgate;http://www.godsofegypt.movie/home;HBO
59;He's Just Not That Into You;PG-13;6-feb-09;129 min;Comedy, Drama, Romance;Ken Kwapis;Morgan Lily, Trenton Rogers, Michelle Carmichael, Jasmine Woods;The Baltimore-set movie of interconnecting story arcs deals with the challenges of reading or misreading human behavior.;https://images-na.ssl-images-amazon.com/images/M/MV5BMTY5MTUyNDgwMF5BMl5BanBnXkFtZTcwNzYzMDQyMg@@._V1_SX300.jpg;movie;Warner Bros. Pictures;http://www.hesjustnotthatintoyoumovie.com/;Rakuten TV
60;Hugo;PG;23-nov-11;126 min;Adventure, Drama, Family;Martin Scorsese;Ben Kingsley, Sacha Baron Cohen, Asa Butterfield, Chloë Grace Moretz;In Paris in 1931, an orphan named Hugo Cabret who lives in the walls of a train station is wrapped up in a mystery involving his late father and an automaton.;https://images-na.ssl-images-amazon.com/images/M/MV5BMjAzNzk5MzgyNF5BMl5BanBnXkFtZTcwOTE4NDU5Ng@@._V1_SX300.jpg;movie;Paramount Studios;http://www.hugomovie.com/;DISNEY +
61;The Warrior's Way;R;03 Dec 2010;100 min;Action, Fantasy, Western;Sngmoo Lee;Dong-gun Jang, Kate Bosworth, Geoffrey Rush, Danny Huston;A warrior-assassin is forced to hide in a small town in the American Badlands after refusing a mission.;https://images-na.ssl-images-amazon.com/images/M/MV5BMTgwNzkzNjA4M15BMl5BanBnXkFtZTcwMzczNDUwNA@@._V1_SX300.jpg;movie;Rogue;http://www.iamrogue.com/thewarriorsway;Amazon Prime Video
62;The Incredible Hulk;PG-13;13-jun-08;112 min;Action, Adventure, Sci-Fi;Louis Leterrier;Edward Norton, Liv Tyler, Tim Roth, William Hurt;Bruce Banner, a scientist on the run from the U.S. Government, must find a cure for the monster he emerges whenever he loses his temper.;https://images-na.ssl-images-amazon.com/images/M/MV5BMTUyNzk3MjA1OF5BMl5BanBnXkFtZTcwMTE1Njg2MQ@@._V1_SX300.jpg;movie;Universal Pictures;http://www.incrediblehulk.com/;Popcornflix
63;The World Is Not Enough;PG-13;19-nov-99;128 min;Action, Adventure, Thriller;Michael Apted;Pierce Brosnan, Sophie Marceau, Robert Carlyle, Denise Richards;James Bond uncovers a nuclear plot when he protects an oil heiress from her former kidnapper, an international terrorist who can't feel pain.;https://images-na.ssl-images-amazon.com/images/M/MV5BMjA0MzUyNjg0MV5BMl5BanBnXkFtZTcwNDY5MDg0NA@@._V1_SX300.jpg;movie;United Artists;http://www.jamesbond.com/bond19/index.html;HBO
64;Johnny en_US;PG;18-jul-03;87 min;Action, Adventure, Comedy;Peter Howitt;Rowan Atkinson, Tasha de Vasconcelos, Ben Miller, Greg Wise;After a sudden attack on the MI5, Johnny en_US, Britain's most confident yet unintelligent spy, becomes Britain's only spy.;https://images-na.ssl-images-amazon.com/images/M/MV5BMTg3Njk4MzY3M15BMl5BanBnXkFtZTYwNTQzODI3._V1_SX300.jpg;movie;Universal Pictures;http://www.johnny-en_US.com/;DISNEY +
65;Johnny en_US Reborn;PG;21-oct-11;101 min;Action, Adventure, Comedy;Oliver Parker;Roger Barclay, Eric Carte, Rowan Atkinson, Togo Igawa;Johnny en_US goes up against international assassins hunting down the zh_CN premier.;https://images-na.ssl-images-amazon.com/images/M/MV5BMjEzODY2MjU1Nl5BMl5BanBnXkFtZTcwMzc1ODUzNg@@._V1_SX300.jpg;movie;Universal Pictures;http://www.johnnyen_USreborn.com/;DISNEY +
66;Journey to the Center of the Earth;PG;11-jul-08;93 min;Action, Adventure, Family;Eric Brevig;Brendan Fraser, Josh Hutcherson, Anita Briem, Seth Meyers;On a quest to find out what happened to his missing brother, a scientist, his nephew and their mountain guide discover a fantastic and dangerous lost world in the center of the earth.;https://images-na.ssl-images-amazon.com/images/M/MV5BMTk1MzY1MzU1MF5BMl5BanBnXkFtZTcwOTQ2NjM3MQ@@._V1_SX300.jpg;movie;Warner Bros. Pictures;http://www.journey3dmovie.com/;HBO, NETFLIX, RAKUTEN TV
67;Kicking & Screaming;PG;13-may-05;95 min;Comedy, Family, Romance;Jesse Dylan;Will Ferrell, Robert Duvall, Mike Ditka, Kate Walsh;Family man Phil Weston, a lifelong victim of his father's competitive nature, takes on the coaching duties of a kids' soccer team, and soon finds that he's also taking on his father's dysfunctional way of relating...;https://images-na.ssl-images-amazon.com/images/M/MV5BMTA5Njk1MjEzMzZeQTJeQWpwZ15BbWU3MDY3NjY4MjE@._V1_SX300.jpg;movie;Universal Pictures;http://www.kickingandscreamingmovie.com/;Rakuten TV
68;Last Holiday;PG-13;13 Jan 2006;112 min;Comedy;Wayne Wang;Queen Latifah, LL Cool J, Timothy Hutton, Giancarlo Esposito;Upon learning of a terminal illness, a shy woman (Queen Latifah) decides to sell off all her possessions and live it up at a posh European hotel.;https://images-na.ssl-images-amazon.com/images/M/MV5BMzY4ZjcxOTItNWQwOC00MmMxLTkzMjYtZmQwMTJiMGY5Y2JlXkEyXkFqcGdeQXVyMTAwMzUyOTc@._V1_SX300.jpg;movie;Paramount Pictures;http://www.lastholidaymovie.com/;Popcornflix
69;Lone Survivor;R;10 Jan 2014;121 min;Action, Biography, Drama;Peter Berg;Mark Wahlberg, Taylor Kitsch, Emile Hirsch, Ben Foster;Marcus Luttrell and his team set out on a mission to capture or kill notorious Taliban leader Ahmad Shah, in late June 2005. Marcus and his team are left to fight for their lives in one of the most valiant efforts of modern warfare.;https://images-na.ssl-images-amazon.com/images/M/MV5BMjA0NTgwOTk5Ml5BMl5BanBnXkFtZTcwMjE3NDc5OQ@@._V1_SX300.jpg;movie;Universal Studios;http://www.lonesurvivorfilm.com/;DISNEY +
70;Lord of War;R;16-sept-05;122 min;Crime, Drama, Thriller;Andrew Niccol;Nicolas Cage, Bridget Moynahan, Jared Leto, Shake Tukhmanyan;An arms dealer confronts the morality of his work as he is being chased by an Interpol agent.;https://images-na.ssl-images-amazon.com/images/M/MV5BMTYzZWE3MDAtZjZkMi00MzhlLTlhZDUtNmI2Zjg3OWVlZWI0XkEyXkFqcGdeQXVyNDk3NzU2MTQ@._V1_SX300.jpg;movie;Lions Gate;http://www.lordofwarthemovie.com/;NETFLIX
71;Love Actually;R;14-nov-03;135 min;Comedy, Drama, Romance;Richard Curtis;Bill Nighy, Gregor Fisher, Rory MacGregor, Colin Firth;Follows the lives of eight very different couples in dealing with their love lives in various loosely interrelated tales all set during a frantic month before Christmas in London, England.;https://images-na.ssl-images-amazon.com/images/M/MV5BMTY4NjQ5NDc0Nl5BMl5BanBnXkFtZTYwNjk5NDM3._V1_SX300.jpg;movie;Universal Pictures;http://www.loveactually.com/;HBO
72;Lucy;R;25-jul-14;89 min;Action, Sci-Fi, Thriller;Luc Besson;Scarlett Johansson, Morgan Freeman, Min-sik Choi, Amr Waked;A woman, accidentally caught in a dark deal, turns the tables on her captors and transforms into a merciless warrior evolved beyond human logic.;https://images-na.ssl-images-amazon.com/images/M/MV5BODcxMzY3ODY1NF5BMl5BanBnXkFtZTgwNzg1NDY4MTE@._V1_SX300.jpg;movie;Universal Pictures;http://www.lucymovie.com/;Rakuten TV
73;Man on a Ledge;PG-13;27 Jan 2012;102 min;Action, Crime, Thriller;Asger Leth;Sam Worthington, Mandy Gonzalez, William Sadler, Barbara Marineau;As a police psychologist works to talk down an ex-con who is threatening to jump from a Manhattan hotel rooftop, the biggest diamond heist ever committed is in motion.;https://images-na.ssl-images-amazon.com/images/M/MV5BMTc5MTE4MzY2N15BMl5BanBnXkFtZTcwNjMwNDc3Ng@@._V1_SX300.jpg;movie;Summit Entertainment;http://www.manonaledge.com;Netflix, Rakuten TV
74;Brüno;R;10-jul-09;81 min;Comedy;Larry Charles;Sacha Baron Cohen, Gustaf Hammarsten, Clifford Bañagale, Chibundu Orukwowu;Flamboyant and gay Austrian Brüno looks for new fame in America.;https://images-na.ssl-images-amazon.com/images/M/MV5BMTUwNDIwNDE5MV5BMl5BanBnXkFtZTcwMDA2MzA1Mg@@._V1_SX300.jpg;movie;Universal Pictures;http://www.meinspace.com/bruno;Rakuten TV
75;Micmacs;R;11-jun-10;105 min;Action, Comedy, Crime;Jean-Pierre Jeunet;Dany Boon, André Dussollier, Yolande Moreau, Dominique Pinon;A man and his friends come up with an intricate and original plan to destroy two big weapons manufacturers.;https://images-na.ssl-images-amazon.com/images/M/MV5BMTgwOTc4OTk3NV5BMl5BanBnXkFtZTcwMzc0MjMzMw@@._V1_SX300.jpg;movie;Sony Pictures Classics;http://www.micmacsmovie.com;Rakuten TV
76;All the Pretty Horses;PG-13;25 Dec 2000;116 min;Drama, Romance, Western;Billy Bob Thornton;Matt Damon, Henry Thomas, Penélope Cruz, Angelina Torres;Two Texas cowboys head to Mexico in search of work, but soon find themselves in trouble with the law after one of them falls in love with a wealthy rancher's daughter.;https://images-na.ssl-images-amazon.com/images/M/MV5BMTMzMTMxNTAyMF5BMl5BanBnXkFtZTcwODkwMDAzMQ@@._V1_SX300.jpg;movie;Miramax;http://www.miramax.com/mm_front/owa/mp.entryPoint?action=0&midStr=1442;HBO, Netflix, Rakuten TV
77;Miss Congeniality;PG-13;22 Dec 2000;109 min;Action, Comedy, Crime;Donald Petrie;Sandra Bullock, Michael Caine, Benjamin Bratt, Candice Bergen;An FBI agent must go undercover in the Miss United States beauty pageant to prevent a group from bombing the event.;https://images-na.ssl-images-amazon.com/images/M/MV5BNjZlYzA4NTgtOGU0My00ODYwLTk4ZWItYWI4NGQ3NTU1NjI2XkEyXkFqcGdeQXVyMTQxNzMzNDI@._V1_SX300.jpg;movie;Warner Bros. Pictures;http://www.misscongeniality.net;Amazon Prime Video
78;Monster-in-Law;PG-13;13-may-05;101 min;Comedy, Romance;Robert Luketic;Jennifer Lopez, Jane Fonda, Michael Vartan, Wanda Sykes;The love life of Charlotte is reduced to an endless string of disastrous blind dates, until she meets the perfect man, Kevin. Unfortunately, his merciless mother will do anything to destroy their relationship.;https://images-na.ssl-images-amazon.com/images/M/MV5BYTcwYjA1NGItM2YyYy00MmE4LTkxMzItYWNiZWRkNDFjNmE5L2ltYWdlL2ltYWdlXkEyXkFqcGdeQXVyMTQxNzMzNDI@._V1_SX300.jpg;movie;New Line Cinema;http://www.monsterinlaw.com;DISNEY +
79;Love in the Time of Cholera;R;16-nov-07;139 min;Drama, Romance;Mike Newell;Benjamin Bratt, Gina Bernard Forbes, Giovanna Mezzogiorno, Javier Bardem;Florentino, rejected by the beautiful Fermina at a young age, devotes much of his adult life to carnal affairs as a desperate attempt to heal his broken heart.;https://images-na.ssl-images-amazon.com/images/M/MV5BMTQ3OTE0OTM4N15BMl5BanBnXkFtZTcwNDg3OTI1MQ@@._V1_SX300.jpg;movie;New Line Cinema;http://www.myspace.com/litc_film;Popcornflix
80;The Proposal;PG-13;19-jun-09;108 min;Comedy, Drama, Romance;Anne Fletcher;Sandra Bullock, Ryan Reynolds, Mary Steenburgen, Craig T. Nelson;A pushy boss forces her young assistant to marry her in order to keep her visa status in the U.S. and avoid deportation to Canada.;https://images-na.ssl-images-amazon.com/images/M/MV5BMTU1MzY1ODIyNV5BMl5BanBnXkFtZTcwNDU4NTE3Mg@@._V1_SX300.jpg;movie;Walt Disney Pictures;http://www.myspace.com/proposalmovie;DISNEY +
81;Notting Hill;PG-13;28-may-99;124 min;Comedy, Drama, Romance;Roger Michell;Julia Roberts, Hugh Grant, Richard McCabe, Rhys Ifans;The life of a simple bookshop owner changes when he meets the most famous film star in the world.;https://images-na.ssl-images-amazon.com/images/M/MV5BMTE5OTkwYzYtNDhlNC00MzljLTk1YTktY2IxZjliZmNjMjUzL2ltYWdlL2ltYWdlXkEyXkFqcGdeQXVyMTQxNzMzNDI@._V1_SX300.jpg;movie;Universal Pictures;http://www.notting-hill.com;Rakuten TV
82;Rango;PG;4-mar-11;107 min;Animation, Adventure, Comedy;Gore Verbinski;Johnny Depp, Isla Fisher, Abigail Breslin, Ned Beatty;Rango is an ordinary chameleon who accidentally winds up in the town of Dirt, a lawless outpost in the Wild West in desperate need of a new sheriff.;https://images-na.ssl-images-amazon.com/images/M/MV5BMjE5ODg1NTk3OF5BMl5BanBnXkFtZTcwNzA5NTMyNA@@._V1_SX300.jpg;movie;Paramount Pictures;http://www.RangoMovie.com/;Popcornflix
83;Chicken Run;G;23-jun-00;84 min;Animation, Adventure, Comedy;Peter Lord, Nick Park;Phil Daniels, Lynn Ferguson, Mel Gibson, Tony Haygarth;When a cockerel apparently flies into a chicken farm, the chickens see him as an opportunity to escape their evil owners.;https://images-na.ssl-images-amazon.com/images/M/MV5BY2UyYjFkNzAtYzIyMC00MGI1LTlkNDktNzUyOGQ5NTI2ZGFjXkEyXkFqcGdeQXVyNTUyMzE4Mzg@._V1_SX300.jpg;movie;Dreamworks Pictures;http://www.reel.com/reel.asp?node=chickenrun;HBO
84;Revolutionary Road;R;23 Jan 2009;119 min;Drama, Romance;Sam Mendes;Kate Winslet, Leonardo DiCaprio, Christopher Fitzgerald, Jonathan Roumie;A young couple living in a Connecticut suburb during the mid-1950s struggle to come to terms with their personal problems while trying to raise their two children.;https://images-na.ssl-images-amazon.com/images/M/MV5BMTczNDgzMjczOV5BMl5BanBnXkFtZTcwOTU3MzMwMg@@._V1_SX300.jpg;movie;Paramount Vantage;http://www.revolutionaryroadmovie.com;Popcornflix
85;Ride Along 2;PG-13;15 Jan 2016;102 min;Action, Comedy;Tim Story;Ice Cube, Kevin Hart, Tika Sumpter, Benjamin Bratt;As his wedding day approaches, Ben heads to Miami with his soon-to-be brother-in-law James to bring down a drug dealer who's supplying the dealers of Atlanta with product.;https://images-na.ssl-images-amazon.com/images/M/MV5BMTU4ODAzMzcxOV5BMl5BanBnXkFtZTgwODkxMDI1NjE@._V1_SX300.jpg;movie;Universal Pictures;http://www.ridealong.com/;Netflix
86;Savages;R;6-jul-12;131 min;Crime, Drama, Thriller;Oliver Stone;Blake Lively, Taylor Kitsch, Aaron Taylor-Johnson, Jana Banker;Pot growers Ben and Chon face off against the Mexican drug cartel who kidnapped their shared girlfriend.;https://images-na.ssl-images-amazon.com/images/M/MV5BMTk0ODIyNDAyMF5BMl5BanBnXkFtZTcwMTQ5Nzg3Nw@@._V1_SX300.jpg;movie;Universal Pictures;http://www.savagesfilm.com/;Popcornflix
87;Scary Movie 4;PG-13;14 Apr 2006;83 min;Comedy;David Zucker;Anna Faris, Regina Hall, Craig Bierko, Bill Pullman;"Cindy finds out the house she lives in is haunted by a little boy and goes on a quest to find out who killed him and why. Also, Alien ""Tr-iPods"" are invading the world and she has to uncover the secret in order to stop them.";https://images-na.ssl-images-amazon.com/images/M/MV5BZmFkMzc2NTctN2U1Ni00MzE5LWJmMzMtYWQ4NjQyY2MzYmM1XkEyXkFqcGdeQXVyNTIzOTk5ODM@._V1_SX300.jpg;movie;Weinstein Co.;http://www.scarymovie.com/;Netflix
88;Scary Movie 3;PG-13;24-oct-03;84 min;Comedy;David Zucker;Pamela Anderson, Jenny McCarthy, Marny Eng, Charlie Sheen;Cindy must investigate mysterious crop circles and video tapes, and help the President in preventing an alien invasion.;https://images-na.ssl-images-amazon.com/images/M/MV5BNDE2NTIyMjg2OF5BMl5BanBnXkFtZTYwNDEyMTg3._V1_SX300.jpg;movie;Miramax Films;http://www.scarymovie.com/sm3_home.html;Popcornflix
89;Scream 3;R;4-feb-00;116 min;Horror, Mystery;Wes Craven;Liev Schreiber, Beth Toussaint, Roger Jackson, Kelly Rutherford;While Sidney and her friends visit the Hollywood set of Stab 3, the third film based on the Woodsboro murders, a new Ghostface begins to terrorize them once again.;https://images-na.ssl-images-amazon.com/images/M/MV5BZTQ0NGI1MjQtODA1OS00NGFlLWEzN2QtZjk5MjViYTA0YmM5XkEyXkFqcGdeQXVyMTQxNzMzNDI@._V1_SX300.jpg;movie;Dimension Films;http://www.scream3.com;Netflix
90;28 Days;PG-13;14 Apr 2000;103 min;Comedy, Drama;Betty Thomas;Sandra Bullock, Viggo Mortensen, Dominic West, Elizabeth Perkins;A big-city newspaper columnist is forced to enter a drug and alcohol rehab center after ruining her sister's wedding and crashing a stolen limousine.;https://images-na.ssl-images-amazon.com/images/M/MV5BMDlkMmE5ZTEtNTA0YS00OTBjLTgyYmEtMGExMzJkOTRjNDg4XkEyXkFqcGdeQXVyMTQxNzMzNDI@._V1_SX300.jpg;movie;Columbia Pictures;http://www.sony.com/28days;Popcornflix
91;Finding Forrester;PG-13;12 Jan 2001;136 min;Drama;Gus Van Sant;Sean Connery, Rob Brown, F. Murray Abraham, Anna Paquin;A young writing prodigy finds a mentor in a reclusive author.;https://images-na.ssl-images-amazon.com/images/M/MV5BMGQwYzY5ZDktMTI1My00ZjkwLTk3YjMtYWJmYTk2ZmQ0MjdlL2ltYWdlXkEyXkFqcGdeQXVyMTQxNzMzNDI@._V1_SX300.jpg;movie;Columbia Pictures;http://www.sony.com/findingforrester;Netflix, HBO
92;Curse of the Golden Flower;R;12 Jan 2007;114 min;Action, Drama, Romance;Yimou Zhang;Yun-Fat Chow, Li Gong, Jay Chou, Ye Liu;During China's Tang dynasty the emperor has taken the princess of a neighboring province as wife. She has borne him two sons and raised his eldest. Now his control over his dominion is complete, including the royal family itself.;https://images-na.ssl-images-amazon.com/images/M/MV5BYjdmN2E4YmEtZTIzMy00ZDA1LTllY2UtNjQ5NTgyNjkxYWUyL2ltYWdlXkEyXkFqcGdeQXVyNTAyODkwOQ@@._V1_SX300.jpg;movie;Sony Classic Pictures;http://www.sonyclassics.com/curseofthegoldenflower/;Netflix
93;Across the Universe;PG-13;12-oct-07;133 min;Drama, Fantasy, Musical;Julie Taymor;Evan Rachel Wood, Jim Sturgess, Joe Anderson, Dana Fuchs;The music of the Beatles and the Vietnam War form the backdrop for the romance between an upper-class American girl and a poor Liverpudlian artist.;https://images-na.ssl-images-amazon.com/images/M/MV5BMTIyMTUwNzg3Nl5BMl5BanBnXkFtZTcwMjM1MDI1MQ@@._V1_SX300.jpg;movie;Sony;http://www.sonypictures.com/movies/acrosstheuniverse/index.html;HBO
94;Resident Evil: Extinction;R;21-sept-07;94 min;Action, Horror, Sci-Fi;Russell Mulcahy;Milla Jovovich, Oded Fehr, Ali Larter, Iain Glen;Survivors of the Raccoon City catastrophe travel across the Nevada desert, hoping to make it to Alaska. Alice joins the caravan and their fight against the evil Umbrella Corp.;https://images-na.ssl-images-amazon.com/images/M/MV5BNDQ0MWI3MmEtMzM0OC00Y2ViLWE4MDItMzNhNmY1ZTdjMWE2XkEyXkFqcGdeQXVyMTQxNzMzNDI@._V1_SX300.jpg;movie;Sony Pictures;http://www.sonypictures.com/movies/residentevilextinction/;Netflix, HBO
95;The Sweetest Thing;R;12 Apr 2002;88 min;Comedy, Romance;Roger Kumble;Lillian Adams, Herbert W. Ankrom, Bryan Anthony, Christina Applegate;A girl finds she is forced to educate herself on the etiquette of wooing the opposite sex when she finally meets Mr. Right.;https://images-na.ssl-images-amazon.com/images/M/MV5BNDIyZTkwOGEtYTFlNC00MTU4LWIyNGItYjBlYmFhNDRmYzcwXkEyXkFqcGdeQXVyMTQxNzMzNDI@._V1_SX300.jpg;movie;Columbia Pictures;http://www.sonypictures.com/movies/thesweetestthing;HBO
96;Underworld: Evolution;R;20 Jan 2006;106 min;Action, Adventure, Fantasy;Len Wiseman;Kate Beckinsale, Scott Speedman, Tony Curran, Derek Jacobi;Picking up directly from the previous film, vampire warrior Selene and the half werewolf Michael hunt for clues to reveal the history of their races and the war between them.;https://images-na.ssl-images-amazon.com/images/M/MV5BMjEzNDY1OTQwOV5BMl5BanBnXkFtZTcwNjcxMTIzMw@@._V1_SX300.jpg;movie;Sony/Screen Gems;http://www.sonypictures.com/movies/underworldevolution/;Amazon Prime Video
97;The Mothman Prophecies;PG-13;25 Jan 2002;119 min;Drama, Horror, Mystery;Mark Pellington;Richard Gere, David Eigenberg, Bob Tracey, Ron Emanuel;A reporter is drawn to a small West Virginia town to investigate a series of strange events, including psychic visions and the appearance of bizarre entities.;https://images-na.ssl-images-amazon.com/images/M/MV5BMjVmNDNjYWYtNzk0Mi00ZTU4LTljNDYtNDczZDE4NGMzZmQwXkEyXkFqcGdeQXVyMTQxNzMzNDI@._V1_SX300.jpg;movie;Screen Gems;http://www.spe.sony.com/movies/mothman;Popcornflix
98;Spy Kids 3: Game Over;PG;25-jul-03;84 min;Action, Adventure, Comedy;Robert Rodriguez;Antonio Banderas, Carla Gugino, Alexa PenaVega, Daryl Sabara;Carmen's caught in a virtual reality game designed by the Kids' new nemesis, the Toymaker. It's up to Juni to save his sister, and ultimately the world.;https://images-na.ssl-images-amazon.com/images/M/MV5BMTI4MTQyNTUzMF5BMl5BanBnXkFtZTcwNzE2MDAwMQ@@._V1_SX300.jpg;movie;Dimension Films;http://www.spykids.com;HBO
99;The Big Year;PG;14-oct-11;100 min;Comedy;David Frankel;John Cleese, Jack Black, Zahf Paroo, Stacey Scowley;Two bird enthusiasts try to defeat the cocky, cutthroat world record holder in a year-long bird-spotting competition.;https://images-na.ssl-images-amazon.com/images/M/MV5BMTc0MzcwMDcyOV5BMl5BanBnXkFtZTcwNTUwMjk1Ng@@._V1_SX300.jpg;movie;20th Century Fox;http://www.thebigyearmovie.com/;Amazon Prime Video, Netflix
100;The Conjuring 2;R;10-jun-16;134 min;Horror, Mystery, Thriller;James Wan;Patrick Wilson, Vera Farmiga, Madison Wolfe, Frances O'Connor;Lorraine and Ed Warren travel to north London to help a single mother raising four children alone in a house plagued by a malicious spirit.;https://images-na.ssl-images-amazon.com/images/M/MV5BZjU5OWVlN2EtODNlYy00MjhhLWI0MDUtMTA3MmQ5MGMwYTZmXkEyXkFqcGdeQXVyNjE5MTM4MzY@._V1_SX300.jpg;movie;Warner Bros. Pictures;http://www.theconjuring2.com/;Netflix
101;The Croods;PG;22-mar-13;98 min;Animation, Adventure, Comedy;Kirk De Micco, Chris Sanders;Nicolas Cage, Emma Stone, Ryan Reynolds, Catherine Keener;After their cave is destroyed, a caveman family must trek through an unfamiliar fantastical world with the help of an inventive boy.;https://images-na.ssl-images-amazon.com/images/M/MV5BMTcyOTc2OTA1Ml5BMl5BanBnXkFtZTcwOTI1MjkzOQ@@._V1_SX300.jpg;movie;20th Century Fox;http://www.thecroodsmovie.com/;Amazon Prime Video, Netflix, HBO
102;The Heat;R;28-jun-13;117 min;Action, Comedy, Crime;Paul Feig;Sandra Bullock, Melissa McCarthy, Demián Bichir, Marlon Wayans;An uptight FBI Special Agent is paired with a foul-mouthed Boston cop to take down a ruthless drug lord.;https://images-na.ssl-images-amazon.com/images/M/MV5BMjA2MDQ2ODM3MV5BMl5BanBnXkFtZTcwNDUzMTQ3OQ@@._V1_SX300.jpg;movie;20th Century Fox;http://www.theheatmovie.com/#/trailer;Amazon Prime Video
103;Hulk;PG-13;20-jun-03;138 min;Action, Sci-Fi;Ang Lee;Eric Bana, Jennifer Connelly, Sam Elliott, Josh Lucas;Bruce Banner, a genetics researcher with a tragic past, suffers an accident that causes him to transform into a raging green monster when he gets angry.;https://images-na.ssl-images-amazon.com/images/M/MV5BNjcxMzZhZTEtMmEwYi00NDJmLWE5ZmUtOWJiMzRmMzEzMTY3L2ltYWdlL2ltYWdlXkEyXkFqcGdeQXVyNTAyODkwOQ@@._V1_SX300.jpg;movie;Universal Pictures;http://www.thehulk.com/;HBO
104;The Mechanic;R;28 Jan 2011;93 min;Action, Crime, Thriller;Simon West;Jason Statham, Ben Foster, Tony Goldwyn, Donald Sutherland;Follows an elite hit man as he teaches his trade to an apprentice who has a connection to one of his previous victims.;https://images-na.ssl-images-amazon.com/images/M/MV5BMjEyMjk1NjI1M15BMl5BanBnXkFtZTcwODcyNjAxNA@@._V1_SX300.jpg;movie;CBS Films;http://www.themechanicmovie.com/;Amazon Prime Video
105;The Producers;PG-13;25 Dec 2005;134 min;Comedy, Musical;Susan Stroman;Nathan Lane, Matthew Broderick, Uma Thurman, Will Ferrell;After putting together another Broadway flop, down-on-his-luck producer Max Bialystock teams up with timid accountant Leo Bloom in a get-rich-quick scheme to put on the world's worst show.;https://images-na.ssl-images-amazon.com/images/M/MV5BMjA3NjAyNzg2OF5BMl5BanBnXkFtZTcwOTIyMDUzMQ@@._V1_SX300.jpg;movie;Universal Pictures;http://www.theproducersmovie.com/;HBO
106;The Social Network;PG-13;1-oct-10;120 min;Biography, Drama;David Fincher;Jesse Eisenberg, Rooney Mara, Bryan Barter, Dustin Fitzsimons;Harvard student Mark Zuckerberg creates the social networking site that would become known as Facebook, but is later sued by two brothers who claimed he stole their idea, and the co-founder who was later squeezed out of the business.;https://images-na.ssl-images-amazon.com/images/M/MV5BMTM2ODk0NDAwMF5BMl5BanBnXkFtZTcwNTM1MDc2Mw@@._V1_SX300.jpg;movie;Columbia Pictures;http://www.thesocialnetwork-movie.com/;Popcornflix
107;The Pledge;R;19 Jan 2001;124 min;Crime, Drama, Mystery;Sean Penn;Patricia Clarkson, Beau Daniels, Benicio Del Toro, Dale Dickey;A retiring police chief pledges to catch the killer of a young child.;https://images-na.ssl-images-amazon.com/images/M/MV5BZTIxNThmMTUtMWQwYi00NjFmLWFiOTAtOWJlY2JiZmFlNTA1XkEyXkFqcGdeQXVyMjA0MzYwMDY@._V1_SX300.jpg;movie;Warner Bros. Pictures;http://www.warnerbros.com/pages/link/external.jsp?url=http%3a%2f%2fmovies.warnerbros.com%2fthepledge%2f&frompage=movies;Popcornflix
108;Watchmen;R;6-mar-09;162 min;Action, Drama, Mystery;Zack Snyder;Malin Akerman, Billy Crudup, Matthew Goode, Jackie Earle Haley;In 1985 where former superheroes exist, the murder of a colleague sends active vigilante Rorschach into his own sprawling investigation, uncovering something that could completely change the course of history as we know it.;https://images-na.ssl-images-amazon.com/images/M/MV5BY2IzNGNiODgtOWYzOS00OTI0LTgxZTUtOTA5OTQ5YmI3NGUzXkEyXkFqcGdeQXVyNjU0OTQ0OTY@._V1_SX300.jpg;movie;Warner Bros. Pictures;http://www.watchmenmovie.com/;Amazon Prime Video
109;The Pelican Brief;PG-13;17 Dec 1993;141 min;Crime, Drama, Mystery;Alan J. Pakula;Julia Roberts, Denzel Washington, Sam Shepard, John Heard;A law student uncovers a conspiracy, putting herself and others in danger.;https://images-na.ssl-images-amazon.com/images/M/MV5BODE1NDk3Y2YtNTQzYS00ZTA1LTk3ZDAtZjUxNTc2ZDhlOGRlL2ltYWdlL2ltYWdlXkEyXkFqcGdeQXVyMTQxNzMzNDI@._V1_SX300.jpg;movie;Warner Home Video;N/A;Netflix
110;The Client;PG-13;20-jul-94;119 min;Crime, Drama, Mystery;Joel Schumacher;Susan Sarandon, Tommy Lee Jones, Mary-Louise Parker, Anthony LaPaglia;A young boy who witnessed the suicide of a mafia lawyer hires an attorney to protect him when the District Attorney tries to use him to take down a mob family.;https://images-na.ssl-images-amazon.com/images/M/MV5BNGNjZWYwZGYtZWIxZC00OTYyLTllYTMtZWNiNmQ0YWUzMjkxXkEyXkFqcGdeQXVyMTQxNzMzNDI@._V1_SX300.jpg;movie;Warner Home Video;N/A;HBO
111;Patriot Games;R;5-jun-92;117 min;Action, Thriller;Phillip Noyce;Harrison Ford, Anne Archer, Patrick Bergin, Sean Bean;When CIA Analyst Jack Ryan interferes with an IRA assassination, a renegade faction targets him and his family for revenge.;https://images-na.ssl-images-amazon.com/images/M/MV5BMjA3OTA0NjI0Nl5BMl5BanBnXkFtZTgwNjUwODQxMTE@._V1_SX300.jpg;movie;Paramount Pictures;N/A;HBO
112;Blade;R;21 Aug 1998;120 min;Action, Horror;Stephen Norrington;Wesley Snipes, Stephen Dorff, Kris Kristofferson, N'Bushe Wright;A half-vampire, half-mortal man becomes a protector of the mortal race, while slaying evil vampires.;https://images-na.ssl-images-amazon.com/images/M/MV5BMTQ4MzkzNjcxNV5BMl5BanBnXkFtZTcwNzk4NTU0Mg@@._V1_SX300.jpg;movie;New Line Cinema;N/A;HBO, Netflix
113;Anaconda;PG-13;11 Apr 1997;89 min;Action, Adventure, Horror;Luis Llosa;Jennifer Lopez, Ice Cube, Jon Voight, Eric Stoltz;"A ""National Geographic"" film crew is taken hostage by an insane hunter, who takes them along on his quest to capture the world's largest - and deadliest - snake.";https://images-na.ssl-images-amazon.com/images/M/MV5BMTMzMTU5NjcxNl5BMl5BanBnXkFtZTcwMzE2NDU2MQ@@._V1_SX300.jpg;movie;Sony Pictures Home Entertainment;N/A;Netflix
114;The Specialist;R;7-oct-94;110 min;Action, Crime, Drama;Luis Llosa;Sylvester Stallone, Sharon Stone, James Woods, Rod Steiger;A woman entices a bomb expert she's involved with into destroying the mafia that killed her family.;https://images-na.ssl-images-amazon.com/images/M/MV5BYjMwZDMwZTItMTc2MC00NDRlLWI3YmUtNTg0ZmQ3MzdhNDJmXkEyXkFqcGdeQXVyNjQ2MjQ5NzM@._V1_SX300.jpg;movie;Warner Home Video;N/A;Popcornflix
115;Tin Cup;R;16 Aug 1996;135 min;Comedy, Drama, Romance;Ron Shelton;Kevin Costner, Rene Russo, Don Johnson, Cheech Marin;A washed up golf pro working at a driving range tries to qualify for the US Open in order to win the heart of his succesful rival's girlfriend.;https://images-na.ssl-images-amazon.com/images/M/MV5BNDQxNzY1MzItZmU1Mi00MWI3LTk4ZjYtOTBlM2RmYTk1MTJjXkEyXkFqcGdeQXVyNDk3NzU2MTQ@._V1_SX300.jpg;movie;New Line Home Entertainment;N/A;Amazon Prime Video
116;Yours, Mine and Ours;UNRATED;24 Apr 1968;111 min;Comedy, Family;Melville Shavelson;Lucille Ball, Henry Fonda, Van Johnson, Louise Troy;A widower with ten children falls for a widow with eight, and they must decide about forming a huge, unconventional family.;https://images-na.ssl-images-amazon.com/images/M/MV5BOTlhNzYyNzctNmYwOS00OGE3LTgyZWQtYzJkNmEzZGY3NjNjXkEyXkFqcGdeQXVyNjE5MjUyOTM@._V1_SX300.jpg;movie;MGM Home Entertainment;N/A;Netflix
117;The River Wild;PG-13;30-sept-94;111 min;Action, Adventure, Crime;Curtis Hanson;Meryl Streep, Joseph Mazzello, Stephanie Sawyer, David Strathairn;Rafting expert Gail takes on a pair of armed killers while navigating a spectacularly violent river.;https://images-na.ssl-images-amazon.com/images/M/MV5BYWQyYTZjNTYtNGRiMi00ZTVhLTk0ZWEtZDA0OTVmMDk4OGE2XkEyXkFqcGdeQXVyNDk3NzU2MTQ@._V1_SX300.jpg;movie;MCA Universal Home Video;N/A;HBO
118;The Indian in the Cupboard;PG;14-jul-95;96 min;Drama, Family, Fantasy;Frank Oz;Hal Scardino, Litefoot, Lindsay Crouse, Richard Jenkins;On his ninth birthday a boy receives many presents. Two of them first seem to be less important: an old cupboard from his brother and a little Indian figure made of plastic from his best ...;https://images-na.ssl-images-amazon.com/images/M/MV5BMTk0NjQ5NzQxMl5BMl5BanBnXkFtZTcwMDc5NjUyMQ@@._V1_SX300.jpg;movie;Sony Pictures Home Entertainment;N/A;Amazon Prime Video
119;Dune;PG-13;14 Dec 1984;137 min;Action, Adventure, Sci-Fi;David Lynch;Francesca Annis, Leonardo Cimino, Brad Dourif, José Ferrer;A Duke's son leads desert warriors against the galactic emperor and his father's evil nemesis when they assassinate his father and free their desert world from the emperor's rule.;https://images-na.ssl-images-amazon.com/images/M/MV5BYTAzYzNlMDMtMGRjYS00M2UxLTk0MmEtYmE4YWZiYmEwOTIwL2ltYWdlL2ltYWdlXkEyXkFqcGdeQXVyNzc5MjA3OA@@._V1_SX300.jpg;movie;MCA Universal Home Video;N/A;HBO
120;Victor Frankenstein;PG-13;25-nov-15;110 min;Drama, Horror, Sci-Fi;Paul McGuigan;Daniel Radcliffe, Jessica Brown Findlay, Bronson Webb, James McAvoy;Told from Igor's perspective, we see the troubled young assistant's dark origins, his redemptive friendship with the young medical student Viktor Von Frankenstein, and become eyewitnesses to the emergence of how Frankenstein became the man - and the legend - we know today.;https://images-na.ssl-images-amazon.com/images/M/MV5BMTc2Mjk0MTM0NF5BMl5BanBnXkFtZTgwNjgyOTg1NjE@._V1_SX300.jpg;movie;20th Century Fox;N/A;Popcornflix
121;The Glimmer Man;R;4-oct-96;91 min;Action, Comedy, Crime;John Gray;Steven Seagal, Keenen Ivory Wayans, Bob Gunton, Brian Cox;"Two cops, played by Seagal and Wayans, are forced to work together to solve a chain of mysterious killings by a killer nicknamed ""The Family Man"".";https://images-na.ssl-images-amazon.com/images/M/MV5BYzgzZWY4YWMtMTQ4Yi00ZGQ4LTg4YjItNGNhMGM0ZWViNmY3XkEyXkFqcGdeQXVyMTczNjQwOTY@._V1_SX300.jpg;movie;Warner Home Video;N/A;Popcornflix
122;Multiplicity;PG-13;17-jul-96;117 min;Comedy, Romance, Sci-Fi;Harold Ramis;Michael Keaton, Andie MacDowell, Zack Duhame, Katie Schlossberg;A man who never has enough time for the things he wants to do is offered the opportunity to have himself duplicated.;https://images-na.ssl-images-amazon.com/images/M/MV5BNTI4Zjc4MDMtZGJjMS00ZjhjLWJkYTItNjZhNGFjOTY4Y2E4XkEyXkFqcGdeQXVyNTIzOTk5ODM@._V1_SX300.jpg;movie;Sony Pictures Home Entertainment;N/A;Netflix
123;The Phantom;PG;7-jun-96;100 min;Action, Adventure, Comedy;Simon Wincer;Billy Zane, Kristy Swanson, Treat Williams, Catherine Zeta-Jones;The Phantom, descendent of a line of African superheroes, travels to New York City to thwart a wealthy criminal genius from obtaining three magic skulls which would give him the secret to ultimate power.;https://images-na.ssl-images-amazon.com/images/M/MV5BMGE3MjRhZjUtZGQ0My00ZGM4LWI4YmMtMDYwM2ZjYTQ1ZWNkL2ltYWdlL2ltYWdlXkEyXkFqcGdeQXVyMTQxNzMzNDI@._V1_SX300.jpg;movie;Paramount Home Video;N/A;Netflix
124;Nixon;R;05 Jan 1996;192 min;Biography, Drama, History;Oliver Stone;Anthony Hopkins, Joan Allen, Powers Boothe, Ed Harris;A biographical story of former U.S. president Richard Milhous Nixon, from his days as a young boy to his eventual presidency which ended in shame.;https://images-na.ssl-images-amazon.com/images/M/MV5BNzBlOWY0ZmEtZjdkYS00ZGU0LWEwN2YtYzBkNDM5ZDBjMmI1XkEyXkFqcGdeQXVyMTAwMzUyOTc@._V1_SX300.jpg;movie;Buena Vista Pictures;N/A;Amazon Prime Video
125;Deep Rising;R;30 Jan 1998;106 min;Action, Adventure, Horror;Stephen Sommers;Treat Williams, Famke Janssen, Anthony Heald, Kevin J. O'Connor;A group of heavily armed hijackers board a luxury ocean liner in the South Pacific Ocean to loot it, only to do battle with a series of large-sized, tentacled, man-eating sea creatures who have taken over the ship first.;https://images-na.ssl-images-amazon.com/images/M/MV5BZWU3NTFjYjgtNmZhNi00YTU0LTg4YWQtZTI0YmVmYmExZjM2XkEyXkFqcGdeQXVyNDQwMTQ5ODk@._V1_SX300.jpg;movie;Hollywood Pictures;N/A;Amazon Prime Video
126;Pinocchio;APPROVED;23-feb-40;88 min;Animation, Comedy, Family;Norman Ferguson, T. Hee, Wilfred Jackson, Jack Kinney, Hamilton Luske, Bill Roberts, Ben Sharpsteen;Mel Blanc, Don Brodie, Walter Catlett, Marion Darlington;A living puppet, with the help of a cricket as his conscience, must prove himself worthy to become a real boy.;https://images-na.ssl-images-amazon.com/images/M/MV5BMTU4Mzk3ODIyOF5BMl5BanBnXkFtZTgwODgyNzk2NjE@._V1_SX300.jpg;movie;RKO;N/A;Netflix
127;Shadow Conspiracy;R;31 Jan 1997;103 min;Action, Thriller;George P. Cosmatos;Charlie Sheen, Donald Sutherland, Linda Hamilton, Stephen Lang;Bobby Bishop (Sheen) is a special assistant to the President of the United States. Accidentally, he meets his friend professor Pochenko on the street. Pochenko has time to tell Bishop about...;https://images-na.ssl-images-amazon.com/images/M/MV5BMjA0MDUwODYwOV5BMl5BanBnXkFtZTcwNjY5ODUyMQ@@._V1_SX300.jpg;movie;Hollywood Pictures;N/A;Netflix
128;The Fugitive;PG-13;06 Aug 1993;130 min;Action, Crime, Drama;Andrew Davis;Harrison Ford, Tommy Lee Jones, Sela Ward, Julianne Moore;Dr. Richard Kimble, unjustly accused of murdering his wife, must find the real killer while being the target of a nationwide manhunt lead by a seasoned US Marshall.;https://images-na.ssl-images-amazon.com/images/M/MV5BMTU2OTkxNDA2OV5BMl5BanBnXkFtZTgwMzg3MjkyMTE@._V1_SX300.jpg;movie;Warner Bros. Pictures;N/A;HBO, Netflix, RAKUTEN TV
129;Rambo: First Blood Part II;R;22-may-85;96 min;Action, Adventure, Thriller;George P. Cosmatos;Sylvester Stallone, Richard Crenna, Charles Napier, Steven Berkoff;John Rambo is released from prison by the government for a top-secret covert mission to the last place on Earth he'd want to return - the jungles of Vietnam.;https://images-na.ssl-images-amazon.com/images/M/MV5BZWFkY2I1ZDAtNmZhNS00NjVlLWJiMGQtMGQ1ZmM0ZDA5ODg5XkEyXkFqcGdeQXVyMTQxNzMzNDI@._V1_SX300.jpg;movie;TriStar Pictures;N/A;Popcornflix
130;Sleepers;R;18-oct-96;147 min;Crime, Drama, Thriller;Barry Levinson;Kevin Bacon, Billy Crudup, Robert De Niro, Ron Eldard;After a prank goes disastrously wrong, a group of boys are sent to a detention center where they are brutalized, over 10 years later, they get their chance for revenge.;https://images-na.ssl-images-amazon.com/images/M/MV5BMTc4OTUzNzc0MV5BMl5BanBnXkFtZTgwMjE4ODYxMTE@._V1_SX300.jpg;movie;Warner Bros. Pictures;N/A;Amazon Prime Video
131;The Juror;R;2-feb-96;118 min;Drama, Thriller;Brian Gibson;Demi Moore, Alec Baldwin, Joseph Gordon-Levitt, Anne Heche;"When Annie Laird is selected as a juror in a big Mafia trial, she is forced by someone known as ""The Teacher"" to persuade the other jurors to vote ""not guilty"". He threatens to kill her son...";https://images-na.ssl-images-amazon.com/images/M/MV5BMTgwOTc5MjYzNl5BMl5BanBnXkFtZTcwMjYzMTYyMQ@@._V1_SX300.jpg;movie;Sony Pictures Home Entertainment;N/A;HBO
132;The Firm;R;30-jun-93;154 min;Drama, Mystery, Thriller;Sydney Pollack;Tom Cruise, Jeanne Tripplehorn, Gene Hackman, Hal Holbrook;A young lawyer joins a prestigious law firm only to discover that it has a sinister dark side.;https://images-na.ssl-images-amazon.com/images/M/MV5BMTgxMjM5NDYwM15BMl5BanBnXkFtZTgwODkzMzk5MDE@._V1_SX300.jpg;movie;Paramount Pictures;N/A;Netflix
133;Boomerang;R;1-jul-92;117 min;Comedy, Drama, Romance;Reginald Hudlin;Eddie Murphy, Robin Givens, Halle Berry, David Alan Grier;A successful executive and womanizer finds his lifestyle choices have turned back on him when his new female boss turns out to be an even bigger deviant than he is.;https://images-na.ssl-images-amazon.com/images/M/MV5BZDZmZDU5MGYtMTU3YS00NDczLWJmOTQtOTdlODk2NmMxZjllXkEyXkFqcGdeQXVyMTQxNzMzNDI@._V1_SX300.jpg;movie;Paramount Pictures;N/A;HBO
134;Cleopatra;G;31-jul-63;192 min;Biography, Drama, History;Joseph L. Mankiewicz, Rouben Mamoulian, Darryl F. Zanuck;Elizabeth Taylor, Richard Burton, Rex Harrison, Pamela Brown;Historical epic. The triumphs and tragedy of the Egyptian queen, Cleopatra.;https://images-na.ssl-images-amazon.com/images/M/MV5BY2YyOGFlZWItY2M5OC00NzJhLWJmNDgtZTVjNzIzMDI3YjgyL2ltYWdlL2ltYWdlXkEyXkFqcGdeQXVyNjc1NTYyMjg@._V1_SX300.jpg;movie;20th Century Fox;N/A;Popcornflix
135;The Mirror Has Two Faces;PG-13;15-nov-96;126 min;Comedy, Drama, Romance;Barbra Streisand;Barbra Streisand, Jeff Bridges, Lauren Bacall, George Segal;A shy, middle-aged professor enters into a romantic but non-physical relationship with an unlucky-in-love colleague.;https://images-na.ssl-images-amazon.com/images/M/MV5BYjMxMGVlMDMtNDczOC00YzJiLWIyNWYtNWE2NWZiY2I5Mjg3XkEyXkFqcGdeQXVyNjE5MjUyOTM@._V1_SX300.jpg;movie;Sony Pictures Home Entertainment;N/A;Netflix
136;Licence to Kill;PG-13;14-jul-89;133 min;Action, Adventure, Thriller;John Glen;Timothy Dalton, Carey Lowell, Robert Davi, Talisa Soto;James Bond goes rogue and sets off to unleash vengeance on a drug lord who tortured his best friend, a C.I.A. agent, and left him for dead and murdered his bride after he helped capture him.;https://images-na.ssl-images-amazon.com/images/M/MV5BODY3M2I0NGItYzJhNy00M2NiLThhMDgtNjZkNjA1NTQzMDM4XkEyXkFqcGdeQXVyNTIzOTk5ODM@._V1_SX300.jpg;movie;United Artists;N/A;RAKUTEN TV
137;Super Mario Bros.;PG;28-may-93;104 min;Adventure, Comedy, Family;Annabel Jankel, Rocky Morton;Bob Hoskins, John Leguizamo, Dennis Hopper, Samantha Mathis;Two Brooklyn plumbers, Mario and Luigi, must travel to another dimension to rescue a princess from the evil dictator King Koopa and stop him from taking over the world.;https://images-na.ssl-images-amazon.com/images/M/MV5BMzRmNGY0NTctYTNkNC00M2FkLWI0ZTgtYTE5ODhiZjYxMDkxXkEyXkFqcGdeQXVyNjE5MjUyOTM@._V1_SX300.jpg;movie;Buena Vista;N/A;Netflix
138;The Karate Kid;PG;22-jun-84;126 min;Action, Drama, Family;John G. Avildsen;Ralph Macchio, Pat Morita, Elisabeth Shue, Martin Kove;A martial arts master agrees to teach karate to a bullied teenager.;https://images-na.ssl-images-amazon.com/images/M/MV5BNTkzY2YzNmYtY2ViMS00MThiLWFlYTEtOWQ1OTBiOGEwMTdhXkEyXkFqcGdeQXVyMTQxNzMzNDI@._V1_SX300.jpg;movie;Columbia Pictures;N/A;RAKUTEN TV
139;Back to the Future Part II;PG;22-nov-89;108 min;Adventure, Comedy, Sci-Fi;Robert Zemeckis;Michael J. Fox, Christopher Lloyd, Lea Thompson, Thomas F. Wilson;After visiting 2015, Marty McFly must repeat his visit to 1955 to prevent disastrous changes to 1985...without interfering with his first trip.;https://images-na.ssl-images-amazon.com/images/M/MV5BZTMxMGM5MjItNDJhNy00MWI2LWJlZWMtOWFhMjI5ZTQwMWM3XkEyXkFqcGdeQXVyMTQxNzMzNDI@._V1_SX300.jpg;movie;Universal Pictures;N/A;RAKUTEN TV
140;A Time to Kill;R;24-jul-96;149 min;Crime, Drama, Thriller;Joel Schumacher;Matthew McConaughey, Sandra Bullock, Samuel L. Jackson, Kevin Spacey;In Canton, Mississippi, a fearless young lawyer and his assistant defend a black man accused of murdering two white men who raped his 10-year-old daughter, inciting a revolt by local racist groups.;https://images-na.ssl-images-amazon.com/images/M/MV5BOWExZTg4ZWYtOTQxMi00YWZkLTkxYzgtOTg1MTUxNzNiNDcxL2ltYWdlL2ltYWdlXkEyXkFqcGdeQXVyMTQxNzMzNDI@._V1_SX300.jpg;movie;Warner Home Video;N/A;HBO, NETFLIX, RAKUTEN TV
141;A League of Their Own;PG;1-jul-92;128 min;Comedy, Drama, Family;Penny Marshall;Tom Hanks, Geena Davis, Lori Petty, Madonna;Two sisters join the first female professional baseball league and struggle to help it succeed amidst their own growing rivalry.;https://images-na.ssl-images-amazon.com/images/M/MV5BODliMGQ1YzEtM2VhZi00MTU5LTllYTUtY2M3MDdjOTE4OGZlXkEyXkFqcGdeQXVyMTQxNzMzNDI@._V1_SX300.jpg;movie;Columbia Pictures;N/A;HBO
142;Back to the Future Part III;PG;25-may-90;118 min;Action, Adventure, Comedy;Robert Zemeckis;Michael J. Fox, Christopher Lloyd, Mary Steenburgen, Thomas F. Wilson;"Enjoying a peaceable existence in 1885, Doctor Emmet Brown is about to be killed by Buford ""Mad Dog"" Tannen. Marty McFly travels back in time to save his friend.";https://images-na.ssl-images-amazon.com/images/M/MV5BYjhlMGYxNmMtOWFmMi00Y2M2LWE5NWYtZTdlMDRlMGEzMDA3XkEyXkFqcGdeQXVyMTQxNzMzNDI@._V1_SX300.jpg;movie;MCA Universal Home Video;N/A;Netflix
143;Bram Stoker's Dracula;R;13-nov-92;128 min;Fantasy, Horror;Francis Ford Coppola;Gary Oldman, Winona Ryder, Anthony Hopkins, Keanu Reeves;The centuries old vampire Count Dracula comes to England to seduce his barrister Jonathan Harker's fiancée Mina Murray and inflict havoc in the foreign land.;https://images-na.ssl-images-amazon.com/images/M/MV5BMTYyOTM5NzU3Nl5BMl5BanBnXkFtZTgwOTQxNjAxNzE@._V1_SX300.jpg;movie;Columbia Pictures;N/A;NETFLIX
145;The Last Post;R;22-oct-17;0;Drama;Peter Moffatt;Jessie Buckley, Amanda Drew, Ben Miles;The Last Post is set during the social and political unrest of the mid-sixties, in the simmering heat of Aden, Yemen, and centers on the lives of a unit of Royal Military Police officers and their families.;https://images-na.ssl-images-amazon.com/images/I/71xffY0h-iL._SX300_.jpg;tv_show;The Forge Entertainment;https://www.bbc.co.uk/mediacentre/mediapacks/the-last-post;Amazon Prime Video
146;Master Of None;R;5-oct-15;0;Comedy;Aziz Ansari;Aziz Ansari, Noel Wells, Eric Wareheim, Lena Waithe, Kelvin Yu;Comedy following the personal and professional challenges that face a 30-year-old New York actor, whose trials range from the immigrant experience to what pasta he should eat for dinner.;https://images-na.ssl-images-amazon.com/images/I/71abI2iL61L._SX300_.jpg;tv_show;Netflix;https://www.netflix.com/title/80049714;Netflix
147;Girls5eva;PG-13;6-may-21;0;Comedy;Meredith Scardino;Sara Bareilles, Renée Elise Goldsberry, Busy Philipps;When a one-hit-wonder girl group from the 90's gets sampled by a young rapper, its members reunite to give their pop star dreams one more shot. They may be grown women balancing spouses, kids, jobs, debt, aging parents, and shoulder pain, but can't they also be Girls5eva?;https://m.media-amazon.com/images/I/71n8u2dRk+S._SX400_.jpg;tv_show;Epic;https://www.peacocktv.com/watch/asset/tv/girls5eva/8730283206775450112;Netflix
148;The Good Doctor;PG-13;25-sept-17;0;Drama;David Shore;Freddie Highmore, Antonia Thomas, Nicholas Gonzalez;A talented young surgeon with savant syndrome ruffles feathers while saving lives at a prestigious hospital's pediatric surgical unit.;https://resizing.flixster.com/1FA52WNhxquNMl9O1F-0MuxXdzg=/206x305/v1.dDsyNjIwNjE7ajsxODgxMzsxMjAwOzIwMDA7MzAwMA;tv_show;EnterMedia Content;https://abc.com/shows/the-good-doctor/;Amazon Prime Video, HBO
149;Mythic Quest;R;7-feb-20;0;Comedy;Rob McElhenney;Rob McElhenney, F. Murray Abraham, Imani Hakim;"""Mythic Quest: Raven's Banquet"" follows a team of video game developers as they navigate the challenges of running a popular video game.";https://resizing.flixster.com/4SVe3XMQ3TBpgnxN9LHSninwrSE=/206x305/v1.dDs2NDY4NjQ7ajsxODgxNzsxMjAwOzIwMDA7MzAwMA;tv_show;3 Arts Entertainment;N/A;Apple TV+
150;Invincible;X;26-mar-21;0;Animation, Drama;Maude Lewis;Steven Yeun, Andrew Rannells, Chad L. Coleman;From The Walking Dead creator Robert Kirkman, and based on the Skybound/Image comic of the same name by Kirkman, Cory Walker, and Ryan Ottley, Invincible is an adult animated superhero show that revolves around seventeen-year-old Mark Grayson (Steven Yeun), who's just like every other guy his age -- except that his father is the most powerful superhero on the planet, Omni-Man (J.K. Simmons). But as Mark develops powers of his own, he discovers that his father's legacy may not be as heroic as it seems.;https://resizing.flixster.com/4FXaPufvKhJnIf4yqChri9uQXeg=/206x305/v1.dDs4NTAwNDU7ajsxODgxOTsxMjAwOzQwNDs2MDg;tv_show;Skybound;N/A;Amazon Prime Video
151;The Underground Railroad;X;14-may-21;0;Drama;Barry Jenkins;Barry Jenkins (III) , Adele Romanski, Mark Ceryak, Brad Pitt, Dede Gardner, Jeremy Kleiner, Colson Whitehead, Richard Heus, Jackie Hoyt;From Academy Award® winner Barry Jenkins and based on the Pulitzer Prize winning novel by Colson Whitehead, The Underground Railroad chronicles Cora Randall's (newcomer Thuso Mbedu) desperate bid for freedom in the antebellum South. After escaping a Georgia plantation for the rumored Underground Railroad, Cora discovers no mere metaphor, but an actual railroad full of engineers and conductors, and a secret network of tracks and tunnels beneath the Southern soil.;https://resizing.flixster.com/FNbnxu5RhhSIGot1GbAIHzlhEhs=/206x305/v1.dDs4NTAwNDQ7ajsxODgxOTsxMjAwOzQwNDs2MDg;tv_show;Plan B Entertainment;N/A;Amazon Prime Video
152;For All Mankind;PG-13;1-nov-19;0;Drama;Ronald D. Moore;Joel Kinnaman, Michael Dorman, Sarah Jones;For All Mankind' presents an aspirational world where NASA astronauts, engineers and their families find themselves in the center of extraordinary events seen through the prism of an alternate history timeline -- a world in which the USSR beats the US to the moon;https://resizing.flixster.com/_Ur8qQFZBCON7kV4SutmuJjb8e4=/206x305/v1.dDs1OTE4MjU7ajsxODgxNjsxMjAwOzIwMDA7MzAwMA;tv_show;Sony Pictures Television;N/A;Apple TV+